timestamp,frame_size,elapsed_s,frame_count,total_overruns,avg_frame_ms,fps
# run 2026-05-31 17:03:36, fc=96.5MHz, fs=2.4MSPS, gain=40dB, frame_size=16384
2026-05-31 17:03:39,16384,3.2,18,2624,52.5,19.0
2026-05-31 17:03:45,16384,8.3,324,146944,17.1,58.4
2026-05-31 17:03:50,16384,13.3,612,291264,17.0,58.7
2026-05-31 17:03:55,16384,18.5,900,450344,18.7,53.6
2026-05-31 17:04:00,16384,23.6,1170,597616,19.3,51.8
2026-05-31 17:04:05,16384,29.0,1440,769488,22.6,44.3
2026-05-31 17:04:11,16384,34.4,1692,906920,19.9,50.2
2026-05-31 17:04:16,16384,39.5,1944,1073872,19.7,50.8
2026-05-31 17:04:21,16384,44.6,2196,1235576,20.3,49.3
2026-05-31 17:04:26,16384,49.8,2412,1363824,19.3,51.9
2026-05-31 17:04:31,16384,55.1,2664,1530448,20.8,48.2
2026-05-31 17:04:37,16384,60.3,2880,1586536,22.6,44.2
# end of run, total_frames=3084, total_time=65.0s

# run 2026-05-31 17:05:49, fc=96.5MHz, fs=2.4MSPS, gain=40dB, frame_size=16384
2026-05-31 17:05:53,16384,3.6,18,2624,82.1,12.2
2026-05-31 17:05:58,16384,8.8,288,155472,21.8,45.8
2026-05-31 17:06:03,16384,14.0,612,297168,16.7,59.9
2026-05-31 17:06:08,16384,19.1,882,451656,22.7,44.1
2026-05-31 17:06:14,16384,24.3,1152,614672,19.9,50.2
2026-05-31 17:06:19,16384,29.6,1422,778016,20.3,49.3
2026-05-31 17:06:24,16384,34.9,1674,947264,21.4,46.7
2026-05-31 17:06:29,16384,39.9,1926,1110280,19.3,51.7
2026-05-31 17:06:34,16384,44.9,2160,1268048,22.2,45.0
2026-05-31 17:06:40,16384,50.2,2412,1443856,20.7,48.3
2026-05-31 17:06:45,16384,55.4,2646,1618024,21.9,45.7
2026-05-31 17:06:50,16384,60.8,2880,1793176,23.8,42.0
2026-05-31 17:06:56,16384,66.2,3114,1980464,23.6,42.3
# end of run, total_frames=3117, total_time=66.5s

# run 2026-05-31 17:06:59, fc=96.5MHz, fs=2.4MSPS, gain=40dB, frame_size=16384
2026-05-31 17:07:02,16384,3.2,18,3280,54.7,18.3
2026-05-31 17:07:07,16384,8.2,306,142024,16.6,60.3
2026-05-31 17:07:12,16384,13.4,594,298480,18.9,52.8
2026-05-31 17:07:17,16384,18.7,864,464448,19.1,52.2
2026-05-31 17:07:22,16384,23.8,1134,616968,18.6,53.7
2026-05-31 17:07:28,16384,29.1,1404,784248,19.6,51.0
2026-05-31 17:07:33,16384,34.3,1674,947920,19.6,50.9
2026-05-31 17:07:38,16384,39.3,1908,1110936,21.1,47.5
2026-05-31 17:07:43,16384,44.5,2142,1279856,21.3,47.1
2026-05-31 17:07:48,16384,49.6,2376,1451728,23.3,43.0
2026-05-31 17:07:54,16384,55.1,2610,1629504,23.6,42.5
2026-05-31 17:07:59,16384,60.2,2844,1805640,20.8,48.1
2026-05-31 17:08:04,16384,65.4,3078,1977840,20.9,47.7
# end of run, total_frames=3096, total_time=66.1s

# run 2026-05-31 17:08:24, fc=96.5MHz, fs=2.4MSPS, gain=40dB, frame_size=16384
2026-05-31 17:08:27,16384,3.7,18,2624,83.5,12.0
2026-05-31 17:08:32,16384,8.9,342,138744,16.3,61.5
2026-05-31 17:08:38,16384,14.0,666,277488,16.4,60.8
2026-05-31 17:08:43,16384,19.2,990,418856,16.4,61.0
2026-05-31 17:08:48,16384,24.2,1314,555304,15.4,64.7
2026-05-31 17:08:53,16384,29.3,1602,705200,17.0,58.9
2026-05-31 17:08:58,16384,34.4,1872,855096,17.5,57.1
2026-05-31 17:09:03,16384,39.4,2124,1015488,21.2,47.1
2026-05-31 17:09:08,16384,44.6,2376,1186376,20.2,49.5
2026-05-31 17:09:13,16384,49.8,2610,1352672,23.0,43.6
2026-05-31 17:09:19,16384,55.1,2862,1528152,21.3,46.9
2026-05-31 17:09:24,16384,60.1,3096,1695104,21.7,46.2
2026-05-31 17:09:29,16384,65.3,3330,1858776,22.3,44.9
2026-05-31 17:09:34,16384,70.7,3582,2041800,21.6,46.2
2026-05-31 17:09:39,16384,75.7,3816,2205800,21.5,46.4
2026-05-31 17:09:44,16384,80.8,4050,2370128,20.8,48.1
2026-05-31 17:09:50,16384,86.1,4302,2544624,21.0,47.6
2026-05-31 17:09:55,16384,91.1,4572,2693864,16.2,61.9
2026-05-31 17:10:00,16384,96.2,4878,2841136,17.3,57.7
# end of run, total_frames=4905, total_time=97.0s

# run 2026-05-31 17:10:08, fc=96.5MHz, fs=2.4MSPS, gain=40dB, frame_size=16384
2026-05-31 17:10:11,16384,3.6,18,1968,79.2,12.6
2026-05-31 17:10:16,16384,8.7,324,144648,16.3,61.2
2026-05-31 17:10:22,16384,13.7,630,283720,16.9,59.3
2026-05-31 17:10:27,16384,18.8,900,435256,19.6,51.1
2026-05-31 17:10:32,16384,24.0,1188,595320,18.8,53.3
2026-05-31 17:10:37,16384,29.0,1458,748496,19.1,52.5
2026-05-31 17:10:42,16384,34.1,1710,906264,20.4,49.1
2026-05-31 17:10:47,16384,39.3,1980,1067312,19.6,51.0
2026-05-31 17:10:52,16384,44.5,2232,1239512,21.3,46.9
2026-05-31 17:10:57,16384,49.6,2484,1399904,21.0,47.6
2026-05-31 17:11:03,16384,54.9,2736,1572432,20.7,48.3
2026-05-31 17:11:08,16384,59.9,2970,1730528,21.7,46.1
# end of run, total_frames=3219, total_time=65.4s

# run 2026-05-31 17:11:29, fc=96.5MHz, fs=2.4MSPS, gain=40dB, frame_size=32768
2026-05-31 17:11:33,32768,3.8,18,3936,82.5,12.1
2026-05-31 17:11:38,32768,8.9,324,54448,16.7,59.8
2026-05-31 17:11:43,32768,14.1,612,111520,18.9,52.9
2026-05-31 17:11:48,32768,19.2,882,179088,18.8,53.2
2026-05-31 17:11:54,32768,24.4,1152,253872,19.3,51.8
2026-05-31 17:11:59,32768,29.5,1404,329968,21.6,46.3
2026-05-31 17:12:04,32768,34.6,1638,424432,23.5,42.6
2026-05-31 17:12:09,32768,39.8,1872,518240,22.3,44.9
2026-05-31 17:12:14,32768,45.0,2106,619264,23.1,43.4
2026-05-31 17:12:19,32768,50.2,2376,689456,16.7,60.0
2026-05-31 17:12:25,32768,55.3,2682,732752,16.3,61.3
2026-05-31 17:12:30,32768,60.3,2988,773424,16.7,59.9
2026-05-31 17:12:35,32768,65.4,3294,819344,16.2,61.8
# end of run, total_frames=3459, total_time=68.5s

# run 2026-05-31 17:12:47, fc=96.5MHz, fs=2.4MSPS, gain=40dB, frame_size=32768
2026-05-31 17:12:51,32768,3.7,18,1968,82.6,12.1
2026-05-31 17:12:56,32768,8.9,324,51824,17.9,56.0
2026-05-31 17:13:02,32768,14.1,612,110208,18.1,55.3
2026-05-31 17:13:07,32768,19.4,900,173184,18.6,53.8
2026-05-31 17:13:12,32768,24.7,1170,247968,20.8,48.1
2026-05-31 17:13:17,32768,29.8,1422,334560,21.1,47.3
2026-05-31 17:13:22,32768,35.0,1656,427712,23.3,42.9
2026-05-31 17:13:28,32768,40.1,1890,517584,22.3,44.9
2026-05-31 17:13:33,32768,45.4,2124,615984,23.4,42.7
2026-05-31 17:13:38,32768,50.6,2412,682240,16.4,61.1
2026-05-31 17:13:43,32768,55.6,2718,724880,16.8,59.4
2026-05-31 17:13:48,32768,60.7,3024,765552,16.6,60.3
2026-05-31 17:13:53,32768,65.8,3330,806224,16.7,59.8
2026-05-31 17:13:58,32768,70.9,3636,852800,16.7,60.0
2026-05-31 17:14:03,32768,76.0,3942,897408,17.0,59.0
# end of run, total_frames=4056, total_time=78.3s

# run 2026-05-31 17:14:08, fc=96.5MHz, fs=2.4MSPS, gain=40dB, frame_size=32768
2026-05-31 17:14:11,32768,3.1,18,3280,51.5,19.4
2026-05-31 17:14:16,32768,8.1,324,47232,15.9,62.7
2026-05-31 17:14:22,32768,13.3,612,107584,18.4,54.2
2026-05-31 17:14:27,32768,18.3,882,171872,19.2,52.2
2026-05-31 17:14:32,32768,23.5,1152,246000,20.0,50.1
2026-05-31 17:14:37,32768,28.8,1422,321440,19.3,51.8
2026-05-31 17:14:43,32768,34.1,1674,409344,21.1,47.3
2026-05-31 17:14:48,32768,39.2,1908,501840,20.9,47.9
2026-05-31 17:14:53,32768,44.2,2124,598272,23.3,42.9
2026-05-31 17:14:58,32768,49.4,2412,659936,16.6,60.4
2026-05-31 17:15:03,32768,54.5,2718,707824,17.0,59.0
2026-05-31 17:15:08,32768,59.6,3024,748496,16.6,60.3
2026-05-31 17:15:13,32768,64.8,3330,794416,17.2,58.1
# end of run, total_frames=3354, total_time=65.5s

# run 2026-05-31 17:15:17, fc=96.5MHz, fs=2.4MSPS, gain=40dB, frame_size=32768
2026-05-31 17:15:20,32768,3.2,18,1968,53.4,18.7
2026-05-31 17:15:26,32768,8.4,324,47232,17.8,56.1
2026-05-31 17:15:31,32768,13.5,612,103648,18.3,54.7
2026-05-31 17:15:36,32768,18.8,900,168592,18.6,53.7
2026-05-31 17:15:41,32768,23.8,1170,233536,18.5,53.9
2026-05-31 17:15:46,32768,28.9,1422,308976,20.8,48.2
2026-05-31 17:15:51,32768,34.1,1674,395568,20.0,50.0
2026-05-31 17:15:57,32768,39.5,1926,487408,22.2,45.1
2026-05-31 17:16:02,32768,44.8,2160,587120,23.7,42.2
2026-05-31 17:16:07,32768,50.1,2466,645504,16.8,59.6
2026-05-31 17:16:12,32768,55.3,2772,693392,17.8,56.3
2026-05-31 17:16:18,32768,60.4,3078,735376,17.4,57.4
2026-05-31 17:16:23,32768,65.5,3384,783264,16.3,61.3
# end of run, total_frames=3486, total_time=67.5s

# run 2026-05-31 17:16:29, fc=96.5MHz, fs=2.4MSPS, gain=40dB, frame_size=32768
2026-05-31 17:16:33,32768,3.6,18,1968,80.2,12.5
2026-05-31 17:16:38,32768,8.7,324,42640,16.8,59.4
2026-05-31 17:16:43,32768,13.9,612,104960,18.4,54.2
2026-05-31 17:16:48,32768,19.3,900,172528,19.4,51.5
2026-05-31 17:16:53,32768,24.5,1152,256496,22.3,44.9
2026-05-31 17:16:59,32768,29.8,1422,335216,20.6,48.5
2026-05-31 17:17:04,32768,35.1,1674,422464,20.8,48.0
2026-05-31 17:17:09,32768,40.3,1908,516928,21.5,46.6
2026-05-31 17:17:14,32768,45.5,2142,616640,21.7,46.1
2026-05-31 17:17:20,32768,50.6,2430,669120,16.7,60.0
2026-05-31 17:17:25,32768,55.7,2736,716352,17.0,58.9
2026-05-31 17:17:30,32768,60.9,3060,754400,16.3,61.2
2026-05-31 17:17:35,32768,66.0,3366,799664,16.9,59.1
# end of run, total_frames=3579, total_time=69.9s

# run 2026-05-31 17:17:53, fc=96.5MHz, fs=2.4MSPS, gain=40dB, frame_size=65536
2026-05-31 17:17:57,65536,3.9,18,3933,90.6,11.0
2026-05-31 17:18:02,65536,9.1,216,3933,27.5,36.4
2026-05-31 17:18:08,65536,14.5,414,3933,27.3,36.6
2026-05-31 17:18:13,65536,19.9,612,3933,27.1,36.9
2026-05-31 17:18:19,65536,25.4,810,3933,27.6,36.3
2026-05-31 17:18:24,65536,30.8,1008,3933,27.5,36.4
2026-05-31 17:18:29,65536,36.2,1206,3933,27.6,36.2
2026-05-31 17:18:35,65536,41.6,1404,3933,27.4,36.6
2026-05-31 17:18:40,65536,47.0,1602,3933,27.2,36.7
2026-05-31 17:18:46,65536,52.4,1800,3933,27.5,36.3
2026-05-31 17:18:51,65536,57.8,1998,3933,27.4,36.4
2026-05-31 17:18:56,65536,63.2,2196,3933,27.5,36.4
# end of run, total_frames=2346, total_time=67.6s

# run 2026-05-31 17:19:08, fc=96.5MHz, fs=2.4MSPS, gain=40dB, frame_size=65536
2026-05-31 17:19:12,65536,3.9,18,5244,89.8,11.1
2026-05-31 17:19:17,65536,9.2,216,5244,27.6,36.2
2026-05-31 17:19:23,65536,14.6,414,5244,27.4,36.5
2026-05-31 17:19:28,65536,20.0,612,5244,27.2,36.8
2026-05-31 17:19:33,65536,25.4,810,5244,27.6,36.2
2026-05-31 17:19:39,65536,30.8,1008,5244,27.3,36.7
2026-05-31 17:19:44,65536,36.2,1206,5244,27.4,36.5
2026-05-31 17:19:50,65536,41.6,1404,5244,27.5,36.4
2026-05-31 17:19:55,65536,47.0,1602,5244,27.4,36.6
2026-05-31 17:20:00,65536,52.5,1800,5244,27.8,35.9
2026-05-31 17:20:06,65536,57.8,1998,5244,27.4,36.5
2026-05-31 17:20:11,65536,63.2,2196,5244,27.4,36.5
# end of run, total_frames=2328, total_time=67.1s

# run 2026-05-31 17:21:10, fc=96.5MHz, fs=2.4MSPS, gain=40dB, frame_size=65536
2026-05-31 17:21:14,65536,3.9,18,1311,91.7,10.9
2026-05-31 17:21:19,65536,9.2,216,1311,27.6,36.3
2026-05-31 17:21:25,65536,14.6,414,1311,27.3,36.7
2026-05-31 17:21:30,65536,20.0,612,1311,27.1,36.9
2026-05-31 17:21:36,65536,25.4,810,1311,27.5,36.4
2026-05-31 17:21:41,65536,30.8,1008,1311,27.1,36.9
2026-05-31 17:21:47,65536,36.2,1206,1311,27.6,36.2
2026-05-31 17:21:52,65536,41.6,1404,1311,27.4,36.5
2026-05-31 17:21:57,65536,47.0,1602,1311,27.4,36.4
2026-05-31 17:22:03,65536,52.4,1800,1311,27.5,36.4
2026-05-31 17:22:08,65536,57.8,1998,1311,27.4,36.5
2026-05-31 17:22:14,65536,63.2,2196,1311,27.4,36.5
# end of run, total_frames=2226, total_time=64.3s

# run 2026-05-31 17:22:38, fc=96.5MHz, fs=2.4MSPS, gain=40dB, frame_size=65536
2026-05-31 17:22:42,65536,4.1,18,6555,92.1,10.9
2026-05-31 17:22:47,65536,9.3,216,6555,27.7,36.2
2026-05-31 17:22:53,65536,14.7,414,6555,27.4,36.6
2026-05-31 17:22:58,65536,20.1,612,6555,27.2,36.8
2026-05-31 17:23:03,65536,25.5,810,6555,27.7,36.2
2026-05-31 17:23:09,65536,30.9,1008,6555,27.3,36.7
2026-05-31 17:23:14,65536,36.4,1206,6555,27.5,36.4
2026-05-31 17:23:20,65536,41.7,1404,6555,27.3,36.7
2026-05-31 17:23:25,65536,47.2,1602,6555,27.2,36.7
2026-05-31 17:23:30,65536,52.6,1800,6555,27.7,36.2
2026-05-31 17:23:36,65536,58.0,1998,6555,27.4,36.5
2026-05-31 17:23:41,65536,63.4,2196,6555,27.6,36.3
# end of run, total_frames=2298, total_time=66.4s

# run 2026-05-31 17:24:06, fc=96.5MHz, fs=2.4MSPS, gain=40dB, frame_size=65536
2026-05-31 17:24:10,65536,4.0,18,6555,92.9,10.8
2026-05-31 17:24:15,65536,9.2,216,6555,27.8,35.9
2026-05-31 17:24:20,65536,14.6,414,6555,27.3,36.6
2026-05-31 17:24:26,65536,20.0,612,6555,27.1,36.9
2026-05-31 17:24:31,65536,25.5,810,6555,27.6,36.3
2026-05-31 17:24:37,65536,30.8,1008,6555,27.1,36.9
2026-05-31 17:24:42,65536,36.3,1206,6555,27.4,36.5
2026-05-31 17:24:48,65536,41.7,1404,6555,27.5,36.4
2026-05-31 17:24:53,65536,47.1,1602,6555,27.2,36.7
2026-05-31 17:24:58,65536,52.5,1800,6555,27.5,36.3
2026-05-31 17:25:04,65536,57.9,1998,6555,27.3,36.6
2026-05-31 17:25:09,65536,63.3,2196,6555,27.5,36.4
# end of run, total_frames=2328, total_time=67.2s

# run 2026-05-31 17:25:27, fc=96.5MHz, fs=2.4MSPS, gain=40dB, frame_size=131072
2026-05-31 17:25:32,131072,4.3,18,5244,106.9,9.4
2026-05-31 17:25:37,131072,9.9,126,5244,53.1,18.8
2026-05-31 17:25:43,131072,15.8,234,5244,55.0,18.2
2026-05-31 17:25:49,131072,21.7,342,5244,54.7,18.3
2026-05-31 17:25:55,131072,27.7,450,5244,55.1,18.2
2026-05-31 17:26:01,131072,33.5,558,5244,55.0,18.2
2026-05-31 17:26:07,131072,39.4,666,5244,55.0,18.2
2026-05-31 17:26:13,131072,45.3,774,5244,55.0,18.2
2026-05-31 17:26:19,131072,51.3,882,5244,54.9,18.2
2026-05-31 17:26:25,131072,57.2,990,5244,55.0,18.2
2026-05-31 17:26:31,131072,63.0,1098,5244,55.0,18.2
2026-05-31 17:26:36,131072,68.9,1206,5244,55.0,18.2
# end of run, total_frames=1284, total_time=73.6s

# run 2026-05-31 17:26:44, fc=96.5MHz, fs=2.4MSPS, gain=40dB, frame_size=131072
2026-05-31 17:26:48,131072,3.8,18,5244,78.4,12.8
2026-05-31 17:26:54,131072,9.4,126,5244,52.9,18.9
2026-05-31 17:27:00,131072,15.3,234,5244,54.9,18.2
2026-05-31 17:27:05,131072,21.2,342,5244,54.8,18.2
2026-05-31 17:27:11,131072,27.1,450,5244,55.1,18.2
2026-05-31 17:27:17,131072,33.0,558,5244,54.8,18.2
2026-05-31 17:27:23,131072,38.9,666,5244,55.0,18.2
2026-05-31 17:27:29,131072,44.8,774,5244,55.0,18.2
2026-05-31 17:27:35,131072,50.7,882,5244,54.9,18.2
2026-05-31 17:27:41,131072,56.6,990,5244,55.1,18.2
2026-05-31 17:27:47,131072,62.5,1098,5244,55.0,18.2
# end of run, total_frames=1137, total_time=65.1s

# run 2026-05-31 17:27:53, fc=96.5MHz, fs=2.4MSPS, gain=40dB, frame_size=131072
2026-05-31 17:27:57,131072,4.2,18,5244,98.2,10.2
2026-05-31 17:28:03,131072,10.0,126,5244,55.0,18.2
2026-05-31 17:28:09,131072,15.9,234,5244,55.0,18.2
2026-05-31 17:28:15,131072,21.8,342,5244,54.9,18.2
2026-05-31 17:28:21,131072,27.7,450,5244,55.2,18.1
2026-05-31 17:28:27,131072,33.6,558,5244,55.0,18.2
2026-05-31 17:28:33,131072,39.5,666,5244,55.0,18.2
2026-05-31 17:28:38,131072,45.4,774,5244,55.0,18.2
2026-05-31 17:28:44,131072,51.3,882,5244,54.9,18.2
2026-05-31 17:28:50,131072,57.2,990,5244,55.3,18.1
2026-05-31 17:28:56,131072,63.1,1098,5244,55.1,18.2
# end of run, total_frames=1128, total_time=65.0s

# run 2026-05-31 17:29:05, fc=96.5MHz, fs=2.4MSPS, gain=40dB, frame_size=131072
2026-05-31 17:29:09,131072,4.1,18,2622,99.5,10.1
2026-05-31 17:29:14,131072,9.8,126,2622,53.6,18.7
2026-05-31 17:29:20,131072,15.7,234,2622,54.9,18.2
2026-05-31 17:29:26,131072,21.6,342,2622,54.9,18.2
2026-05-31 17:29:32,131072,27.5,450,2622,55.1,18.2
2026-05-31 17:29:38,131072,33.4,558,2622,55.0,18.2
2026-05-31 17:29:44,131072,39.3,666,2622,55.0,18.2
2026-05-31 17:29:50,131072,45.2,774,2622,54.9,18.2
2026-05-31 17:29:56,131072,51.1,882,2622,54.9,18.2
2026-05-31 17:30:02,131072,57.0,990,2622,55.1,18.1
2026-05-31 17:30:07,131072,62.9,1098,2622,54.9,18.2
# end of run, total_frames=1173, total_time=67.3s

# run 2026-05-31 17:30:25, fc=96.5MHz, fs=2.4MSPS, gain=40dB, frame_size=131072
2026-05-31 17:30:29,131072,4.4,18,7866,108.7,9.2
2026-05-31 17:30:35,131072,10.0,126,7866,53.7,18.6
2026-05-31 17:30:41,131072,15.9,234,7866,55.0,18.2
2026-05-31 17:30:47,131072,21.8,342,7866,54.9,18.2
2026-05-31 17:30:53,131072,27.8,450,7866,55.2,18.1
2026-05-31 17:30:58,131072,33.6,558,7866,54.9,18.2
2026-05-31 17:31:04,131072,39.5,666,7866,55.0,18.2
2026-05-31 17:31:10,131072,45.4,774,7866,54.9,18.2
2026-05-31 17:31:16,131072,51.3,882,7866,55.0,18.2
2026-05-31 17:31:22,131072,57.3,990,7866,55.1,18.1
2026-05-31 17:31:28,131072,63.1,1098,7866,54.9,18.2
# end of run, total_frames=1110, total_time=64.2s

# run 2026-05-31 17:31:50, fc=96.5MHz, fs=2.4MSPS, gain=40dB, frame_size=65536
2026-05-31 17:31:54,65536,4.0,18,2622,96.2,10.4
2026-05-31 17:31:59,65536,9.2,198,14421,29.0,34.4
2026-05-31 17:32:05,65536,14.4,396,15732,27.5,36.3
2026-05-31 17:32:10,65536,19.8,594,15732,27.6,36.3
2026-05-31 17:32:15,65536,25.2,792,15732,27.1,36.9
2026-05-31 17:32:21,65536,30.7,990,15732,27.0,37.0
2026-05-31 17:32:26,65536,36.1,1188,15732,27.7,36.1
2026-05-31 17:32:32,65536,41.5,1386,15732,27.5,36.4
# end of run, total_frames=1584, total_time=47.2s
# run 2026-06-01 14:44:23, fc=96.5MHz, fs=2.4MSPS, gain=40dB, frame_size=65536
2026-06-01 14:44:27,65536,4.9,18,11799,117.1,8.5
2026-06-01 14:44:33,65536,10.1,216,13110,25.2,39.6
2026-06-01 14:44:38,65536,15.6,414,13110,28.0,35.8
2026-06-01 14:44:44,65536,21.0,612,13110,28.1,35.6
2026-06-01 14:44:49,65536,26.1,792,18354,29.6,33.8
2026-06-01 14:44:54,65536,31.4,990,18354,27.6,36.2
2026-06-01 14:44:59,65536,36.4,1170,18354,28.4,35.3
2026-06-01 14:45:04,65536,41.7,1368,18354,27.4,36.6
2026-06-01 14:45:10,65536,47.1,1566,18354,27.6,36.2
2026-06-01 14:45:15,65536,52.5,1764,18354,27.7,36.2
2026-06-01 14:45:20,65536,57.9,1962,18354,27.1,36.9
2026-06-01 14:45:26,65536,63.4,2160,18354,27.7,36.1
2026-06-01 14:45:31,65536,68.7,2358,18354,27.3,36.6
2026-06-01 14:45:37,65536,74.1,2556,18354,26.8,37.3
2026-06-01 14:45:42,65536,79.5,2754,18354,27.3,36.6
2026-06-01 14:45:47,65536,84.9,2952,18354,27.3,36.6
2026-06-01 14:45:53,65536,90.4,3150,18354,27.8,35.9
2026-06-01 14:45:58,65536,95.7,3348,18354,27.0,37.0
2026-06-01 14:46:04,65536,101.1,3546,18354,27.0,37.1
2026-06-01 14:46:09,65536,106.6,3744,18354,27.3,36.6
2026-06-01 14:46:15,65536,112.0,3942,18354,27.5,36.4
2026-06-01 14:46:20,65536,117.4,4140,18354,27.4,36.5
2026-06-01 14:46:25,65536,122.8,4338,18354,26.9,37.2
2026-06-01 14:46:31,65536,128.2,4536,18354,27.0,37.0
2026-06-01 14:46:36,65536,133.6,4734,18354,27.2,36.7
2026-06-01 14:46:42,65536,139.0,4932,18354,27.0,37.0
2026-06-01 14:46:47,65536,144.4,5130,18354,27.2,36.8
2026-06-01 14:46:52,65536,149.8,5328,18354,27.3,36.7
2026-06-01 14:46:58,65536,155.2,5526,18354,26.9,37.1
2026-06-01 14:47:03,65536,160.6,5724,18354,27.2,36.7
2026-06-01 14:47:09,65536,166.0,5922,18354,26.6,37.6
2026-06-01 14:47:14,65536,171.5,6120,18354,27.7,36.1
2026-06-01 14:47:19,65536,176.9,6318,18354,27.2,36.8
2026-06-01 14:47:25,65536,182.3,6516,18354,27.2,36.7
2026-06-01 14:47:30,65536,187.7,6714,18354,27.3,36.6
2026-06-01 14:47:36,65536,193.1,6912,18354,26.7,37.5
2026-06-01 14:47:41,65536,198.6,7110,18354,28.4,35.2
2026-06-01 14:47:46,65536,203.9,7308,18354,27.8,35.9
2026-06-01 14:47:52,65536,209.3,7506,18354,26.9,37.2
2026-06-01 14:47:57,65536,214.7,7704,18354,27.2,36.7
2026-06-01 14:48:03,65536,220.2,7902,18354,26.9,37.2
2026-06-01 14:48:08,65536,225.5,8100,18354,27.2,36.7
2026-06-01 14:48:13,65536,230.9,8298,18354,27.2,36.7
2026-06-01 14:48:19,65536,236.3,8496,18354,27.0,37.1
2026-06-01 14:48:24,65536,241.8,8694,18354,27.4,36.5
2026-06-01 14:48:30,65536,247.2,8892,18354,27.4,36.5
2026-06-01 14:48:35,65536,252.6,9090,18354,28.0,35.7
2026-06-01 14:48:41,65536,258.0,9288,18354,26.9,37.2
2026-06-01 14:48:46,65536,263.4,9486,18354,27.5,36.3
2026-06-01 14:48:51,65536,268.8,9684,18354,27.0,37.1
2026-06-01 14:48:57,65536,274.2,9882,18354,27.3,36.6
2026-06-01 14:49:02,65536,279.6,10080,18354,27.5,36.4
2026-06-01 14:49:08,65536,285.0,10278,18354,27.1,36.9
2026-06-01 14:49:13,65536,290.4,10476,18354,27.3,36.6
2026-06-01 14:49:18,65536,295.8,10674,18354,27.3,36.6
2026-06-01 14:49:24,65536,301.2,10872,18354,27.4,36.5
2026-06-01 14:49:29,65536,306.7,11070,18354,28.1,35.6
2026-06-01 14:49:35,65536,312.1,11268,18354,27.3,36.6
2026-06-01 14:49:40,65536,317.5,11466,18354,27.8,36.0
2026-06-01 14:49:45,65536,322.9,11664,18354,27.9,35.8
2026-06-01 14:49:51,65536,328.3,11862,18354,27.2,36.8
2026-06-01 14:49:56,65536,333.7,12060,18354,27.0,37.1
2026-06-01 14:50:02,65536,339.1,12258,18354,27.3,36.7
2026-06-01 14:50:07,65536,344.5,12456,18354,27.2,36.8
2026-06-01 14:50:12,65536,350.0,12654,18354,27.7,36.1
2026-06-01 14:50:18,65536,355.3,12852,18354,26.7,37.5
2026-06-01 14:50:23,65536,360.8,13050,18354,28.1,35.6
2026-06-01 14:50:29,65536,366.1,13248,18354,27.1,36.9
2026-06-01 14:50:34,65536,371.5,13446,18354,27.0,37.1
2026-06-01 14:50:39,65536,377.0,13644,18354,27.4,36.6
2026-06-01 14:50:45,65536,382.4,13842,18354,26.9,37.2
2026-06-01 14:50:50,65536,387.8,14040,18354,28.1,35.6
2026-06-01 14:50:56,65536,393.2,14238,18354,28.0,35.8
2026-06-01 14:51:01,65536,398.6,14436,18354,27.6,36.2
2026-06-01 14:51:07,65536,404.0,14634,18354,27.3,36.7
2026-06-01 14:51:12,65536,409.4,14832,18354,26.5,37.7
2026-06-01 14:51:17,65536,414.9,15030,18354,28.1,35.6
2026-06-01 14:51:23,65536,420.3,15228,18354,27.8,36.0
2026-06-01 14:51:28,65536,425.6,15426,18354,27.2,36.8
2026-06-01 14:51:34,65536,431.1,15624,18354,27.6,36.3
2026-06-01 14:51:39,65536,436.4,15822,18354,26.8,37.3
2026-06-01 14:51:44,65536,441.9,16020,18354,27.6,36.3
2026-06-01 14:51:50,65536,447.3,16218,18354,27.7,36.1
2026-06-01 14:51:55,65536,452.6,16416,18354,27.1,36.8
2026-06-01 14:52:01,65536,458.1,16614,18354,27.3,36.7
2026-06-01 14:52:06,65536,463.5,16812,18354,26.9,37.2
2026-06-01 14:52:11,65536,468.9,17010,18354,27.4,36.5
2026-06-01 14:52:17,65536,474.3,17208,18354,27.5,36.4
2026-06-01 14:52:22,65536,479.7,17406,18354,26.9,37.2
2026-06-01 14:52:28,65536,485.1,17604,18354,27.3,36.6
2026-06-01 14:52:33,65536,490.5,17802,18354,27.0,37.1
2026-06-01 14:52:38,65536,495.9,18000,18354,27.3,36.7
2026-06-01 14:52:44,65536,501.3,18198,18354,27.3,36.6
2026-06-01 14:52:49,65536,506.7,18396,18354,26.8,37.3
2026-06-01 14:52:55,65536,512.1,18594,18354,27.2,36.7
2026-06-01 14:53:00,65536,517.6,18792,18354,27.5,36.4
2026-06-01 14:53:06,65536,523.0,18990,18354,27.3,36.6
2026-06-01 14:53:11,65536,528.4,19188,18354,27.2,36.8
2026-06-01 14:53:16,65536,533.8,19386,18354,27.4,36.5
2026-06-01 14:53:22,65536,539.2,19584,18354,26.8,37.4
2026-06-01 14:53:27,65536,544.6,19782,18354,26.7,37.4
2026-06-01 14:53:33,65536,550.1,19980,18354,28.2,35.5
2026-06-01 14:53:38,65536,555.4,20178,18354,27.4,36.5
2026-06-01 14:53:43,65536,560.8,20376,18354,26.8,37.3
2026-06-01 14:53:49,65536,566.3,20574,18354,27.8,36.0
2026-06-01 14:53:54,65536,571.6,20772,18354,26.9,37.2
2026-06-01 14:54:00,65536,577.1,20970,18354,28.0,35.7
2026-06-01 14:54:05,65536,582.4,21168,18354,27.2,36.7
2026-06-01 14:54:10,65536,587.9,21366,18354,27.3,36.7
2026-06-01 14:54:16,65536,593.3,21564,18354,27.6,36.2
2026-06-01 14:54:21,65536,598.7,21762,18354,26.9,37.2
2026-06-01 14:54:27,65536,604.1,21960,18354,27.2,36.8
2026-06-01 14:54:32,65536,609.5,22158,18354,27.3,36.7
2026-06-01 14:54:37,65536,614.9,22356,18354,27.5,36.4
2026-06-01 14:54:43,65536,620.3,22554,18354,27.5,36.4
2026-06-01 14:54:48,65536,625.8,22752,18354,27.7,36.1
2026-06-01 14:54:54,65536,631.1,22950,18354,27.1,37.0
2026-06-01 14:54:59,65536,636.5,23148,18354,26.7,37.5
2026-06-01 14:55:04,65536,641.9,23346,18354,26.9,37.2
2026-06-01 14:55:10,65536,647.4,23544,18354,27.8,36.0
2026-06-01 14:55:15,65536,652.8,23742,18354,26.7,37.4
2026-06-01 14:55:21,65536,658.2,23940,18354,27.2,36.8
2026-06-01 14:55:26,65536,663.6,24138,18354,27.2,36.8
2026-06-01 14:55:32,65536,669.0,24336,18354,27.4,36.4
2026-06-01 14:55:37,65536,674.4,24534,18354,27.5,36.3
2026-06-01 14:55:42,65536,679.8,24732,18354,27.0,37.1
2026-06-01 14:55:48,65536,685.3,24930,18354,28.0,35.7
2026-06-01 14:55:53,65536,690.6,25128,18354,27.3,36.6
2026-06-01 14:55:59,65536,696.0,25326,18354,27.3,36.6
2026-06-01 14:56:04,65536,701.5,25524,18354,27.8,36.0
2026-06-01 14:56:09,65536,706.8,25722,18354,27.4,36.5
2026-06-01 14:56:15,65536,712.3,25920,18354,28.1,35.6
2026-06-01 14:56:20,65536,717.6,26118,18354,27.3,36.7
2026-06-01 14:56:26,65536,723.1,26316,18354,27.5,36.4
2026-06-01 14:56:31,65536,728.4,26514,18354,27.2,36.7
2026-06-01 14:56:36,65536,733.9,26712,18354,26.7,37.5
2026-06-01 14:56:42,65536,739.3,26910,18354,27.6,36.2
2026-06-01 14:56:47,65536,744.7,27108,18354,27.8,36.0
2026-06-01 14:56:53,65536,750.1,27306,18354,27.1,36.9
2026-06-01 14:56:58,65536,755.6,27504,18354,27.5,36.3
2026-06-01 14:57:03,65536,761.0,27702,18354,27.3,36.6
2026-06-01 14:57:09,65536,766.4,27900,18354,27.8,36.0
2026-06-01 14:57:14,65536,771.7,28098,18354,27.5,36.4
2026-06-01 14:57:20,65536,777.2,28296,18354,27.7,36.1
2026-06-01 14:57:25,65536,782.5,28494,18354,27.1,36.9
2026-06-01 14:57:30,65536,788.0,28692,18354,27.4,36.5
2026-06-01 14:57:36,65536,793.4,28890,18354,27.8,36.0
2026-06-01 14:57:41,65536,798.8,29088,18354,27.5,36.4
2026-06-01 14:57:47,65536,804.2,29286,18354,27.1,36.9
2026-06-01 14:57:52,65536,809.6,29484,18354,27.4,36.5
2026-06-01 14:57:58,65536,815.0,29682,18354,27.0,37.1
2026-06-01 14:58:03,65536,820.5,29880,18354,27.9,35.8
2026-06-01 14:58:08,65536,825.8,30078,18354,27.1,37.0
2026-06-01 14:58:14,65536,831.3,30276,18354,27.6,36.2
2026-06-01 14:58:19,65536,836.6,30474,18354,27.3,36.6
2026-06-01 14:58:25,65536,842.0,30672,18354,26.8,37.3
2026-06-01 14:58:30,65536,847.5,30870,18354,27.9,35.9
2026-06-01 14:58:35,65536,852.9,31068,18354,27.7,36.1
2026-06-01 14:58:41,65536,858.3,31266,18354,27.7,36.0
2026-06-01 14:58:46,65536,863.7,31464,18354,27.7,36.1
2026-06-01 14:58:52,65536,869.1,31662,18354,26.8,37.4
2026-06-01 14:58:57,65536,874.5,31860,18354,27.9,35.8
2026-06-01 14:59:02,65536,879.9,32058,18354,27.7,36.0
2026-06-01 14:59:08,65536,885.3,32256,18354,27.2,36.8
2026-06-01 14:59:13,65536,890.7,32454,18354,27.1,36.9
2026-06-01 14:59:19,65536,896.1,32652,18354,27.3,36.7
2026-06-01 14:59:24,65536,901.6,32850,18354,28.0,35.7
2026-06-01 14:59:29,65536,906.9,33048,18354,27.4,36.5
2026-06-01 14:59:35,65536,912.4,33246,18354,27.3,36.6
2026-06-01 14:59:40,65536,917.8,33444,18354,27.7,36.0
2026-06-01 14:59:46,65536,923.2,33642,18354,27.1,36.9
2026-06-01 14:59:51,65536,928.6,33840,18354,28.0,35.7
2026-06-01 14:59:57,65536,934.0,34038,18354,27.5,36.4
2026-06-01 15:00:02,65536,939.4,34236,18354,26.8,37.3
2026-06-01 15:00:07,65536,944.8,34434,18354,27.2,36.8
2026-06-01 15:00:13,65536,950.2,34632,18354,27.2,36.8
2026-06-01 15:00:18,65536,955.6,34830,18354,27.2,36.7
2026-06-01 15:00:24,65536,961.0,35028,18354,27.3,36.6
2026-06-01 15:00:29,65536,966.4,35226,18354,26.8,37.3
2026-06-01 15:00:34,65536,971.8,35424,18354,27.2,36.7
2026-06-01 15:00:40,65536,977.3,35622,18354,27.5,36.4
2026-06-01 15:00:45,65536,982.7,35820,18354,28.1,35.6
2026-06-01 15:00:51,65536,988.0,36018,18354,27.2,36.7
2026-06-01 15:00:56,65536,993.4,36216,18354,27.0,37.1
2026-06-01 15:01:01,65536,998.8,36414,18354,27.1,36.9
2026-06-01 15:01:07,65536,1004.3,36612,18354,27.1,36.9
2026-06-01 15:01:12,65536,1009.7,36810,18354,28.1,35.6
2026-06-01 15:01:18,65536,1015.1,37008,18354,27.7,36.1
2026-06-01 15:01:23,65536,1020.5,37206,18354,27.1,36.8
2026-06-01 15:01:29,65536,1026.0,37404,18354,27.8,36.0
2026-06-01 15:01:34,65536,1031.4,37602,18354,27.8,35.9
2026-06-01 15:01:39,65536,1036.8,37800,18354,28.0,35.7
2026-06-01 15:01:45,65536,1042.2,37998,18354,27.4,36.4
2026-06-01 15:01:50,65536,1047.5,38196,18354,26.9,37.1
2026-06-01 15:01:55,65536,1052.9,38394,18354,26.9,37.1
2026-06-01 15:02:01,65536,1058.4,38592,18354,26.4,37.9
2026-06-01 15:02:06,65536,1063.8,38790,18354,28.0,35.8
2026-06-01 15:02:12,65536,1069.2,38988,18354,27.8,36.0
2026-06-01 15:02:17,65536,1074.6,39186,18354,27.4,36.5
2026-06-01 15:02:23,65536,1080.0,39384,18354,27.8,36.0
2026-06-01 15:02:28,65536,1085.4,39582,18354,26.9,37.1
2026-06-01 15:02:33,65536,1090.8,39780,18354,27.5,36.3
2026-06-01 15:02:39,65536,1096.2,39978,18354,27.2,36.7
2026-06-01 15:02:44,65536,1101.6,40176,18354,27.3,36.6
2026-06-01 15:02:50,65536,1107.0,40374,18354,27.1,36.9
2026-06-01 15:02:55,65536,1112.4,40572,18354,27.3,36.7
2026-06-01 15:03:00,65536,1117.8,40770,18354,27.5,36.3
2026-06-01 15:03:06,65536,1123.3,40968,18354,27.8,35.9
2026-06-01 15:03:11,65536,1128.7,41166,18354,27.8,36.0
2026-06-01 15:03:17,65536,1134.1,41364,18354,27.8,35.9
2026-06-01 15:03:22,65536,1139.5,41562,18354,27.4,36.5
2026-06-01 15:03:27,65536,1144.9,41760,18354,27.7,36.1
2026-06-01 15:03:33,65536,1150.3,41958,18354,27.0,37.0
2026-06-01 15:03:38,65536,1155.7,42156,18354,27.4,36.4
2026-06-01 15:03:44,65536,1161.1,42354,18354,27.8,36.0
2026-06-01 15:03:49,65536,1166.5,42552,18354,26.8,37.3
2026-06-01 15:03:54,65536,1171.9,42750,18354,27.2,36.7
2026-06-01 15:04:00,65536,1177.3,42948,18354,27.2,36.7
2026-06-01 15:04:05,65536,1182.7,43146,18354,27.1,37.0
2026-06-01 15:04:11,65536,1188.1,43344,18354,27.4,36.5
2026-06-01 15:04:16,65536,1193.6,43542,18354,27.7,36.1
2026-06-01 15:04:22,65536,1199.0,43740,18354,28.0,35.7
2026-06-01 15:04:27,65536,1204.4,43938,18354,27.3,36.6
2026-06-01 15:04:32,65536,1209.8,44136,18354,27.1,36.9
2026-06-01 15:04:38,65536,1215.2,44334,18354,27.7,36.1
2026-06-01 15:04:43,65536,1220.6,44532,18354,26.8,37.3
2026-06-01 15:04:49,65536,1226.1,44730,18354,27.9,35.8
2026-06-01 15:04:54,65536,1231.4,44928,18354,27.4,36.5
2026-06-01 15:04:59,65536,1236.8,45126,18354,27.5,36.3
2026-06-01 15:05:05,65536,1242.2,45324,18354,27.4,36.5
2026-06-01 15:05:10,65536,1247.6,45522,18354,26.6,37.6
2026-06-01 15:05:16,65536,1253.1,45720,18354,28.2,35.4
2026-06-01 15:05:21,65536,1258.4,45918,18354,27.4,36.5
2026-06-01 15:05:26,65536,1263.8,46116,18354,27.0,37.0
2026-06-01 15:05:32,65536,1269.3,46314,18354,27.6,36.3
2026-06-01 15:05:37,65536,1274.7,46512,18354,27.2,36.7
2026-06-01 15:05:43,65536,1280.1,46710,18354,27.9,35.8
2026-06-01 15:05:48,65536,1285.5,46908,18354,27.5,36.4
2026-06-01 15:05:53,65536,1290.9,47106,18354,27.2,36.8
2026-06-01 15:05:59,65536,1296.3,47304,18354,27.6,36.3
2026-06-01 15:06:04,65536,1301.7,47502,18354,27.4,36.4
2026-06-01 15:06:10,65536,1307.1,47700,18354,27.5,36.3
2026-06-01 15:06:15,65536,1312.5,47898,18354,27.3,36.6
2026-06-01 15:06:20,65536,1317.9,48096,18354,27.1,36.9
2026-06-01 15:06:26,65536,1323.3,48294,18354,27.1,36.9
2026-06-01 15:06:31,65536,1328.8,48492,18354,27.7,36.1
2026-06-01 15:06:37,65536,1334.2,48690,18354,28.0,35.7
2026-06-01 15:06:42,65536,1339.6,48888,18354,27.4,36.5
2026-06-01 15:06:48,65536,1345.0,49086,18354,27.0,37.0
2026-06-01 15:06:53,65536,1350.4,49284,18354,27.3,36.6
2026-06-01 15:06:58,65536,1355.9,49482,18354,28.2,35.4
2026-06-01 15:07:04,65536,1361.2,49680,18354,27.3,36.7
2026-06-01 15:07:09,65536,1366.6,49878,18354,27.9,35.9
2026-06-01 15:07:15,65536,1372.1,50076,18354,27.9,35.8
2026-06-01 15:07:20,65536,1377.5,50274,18354,27.8,36.0
2026-06-01 15:07:25,65536,1382.8,50472,18354,26.9,37.2
2026-06-01 15:07:31,65536,1388.2,50670,18354,27.3,36.6
2026-06-01 15:07:36,65536,1393.6,50868,18354,26.7,37.5
2026-06-01 15:07:42,65536,1399.0,51066,18354,27.0,37.1
2026-06-01 15:07:47,65536,1404.5,51264,18354,27.8,36.0
2026-06-01 15:07:52,65536,1409.9,51462,18354,26.9,37.2
2026-06-01 15:07:58,65536,1415.3,51660,18354,27.8,36.0
2026-06-01 15:08:03,65536,1420.7,51858,18354,27.4,36.5
2026-06-01 15:08:09,65536,1426.1,52056,18354,26.9,37.1
2026-06-01 15:08:14,65536,1431.5,52254,18354,27.3,36.6
2026-06-01 15:08:19,65536,1436.9,52452,18354,26.8,37.3
2026-06-01 15:08:25,65536,1442.4,52650,18354,28.0,35.7
2026-06-01 15:08:30,65536,1447.7,52848,18354,27.4,36.5
2026-06-01 15:08:36,65536,1453.2,53046,18354,27.6,36.2
2026-06-01 15:08:41,65536,1458.5,53244,18354,27.5,36.4
2026-06-01 15:08:46,65536,1463.9,53442,18354,27.1,36.9
2026-06-01 15:08:52,65536,1469.4,53640,18354,27.7,36.1
2026-06-01 15:08:57,65536,1474.8,53838,18354,27.7,36.1
2026-06-01 15:09:03,65536,1480.2,54036,18354,27.4,36.5
2026-06-01 15:09:08,65536,1485.6,54234,18354,27.4,36.5
2026-06-01 15:09:14,65536,1491.0,54432,18354,27.7,36.1
2026-06-01 15:09:19,65536,1496.5,54630,18354,28.1,35.6
2026-06-01 15:09:24,65536,1501.8,54828,18354,27.4,36.5
2026-06-01 15:09:30,65536,1507.2,55026,18354,27.1,36.9
2026-06-01 15:09:35,65536,1512.6,55224,18354,27.2,36.7
2026-06-01 15:09:41,65536,1518.0,55422,18354,27.3,36.6
2026-06-01 15:09:46,65536,1523.5,55620,18354,28.3,35.4
2026-06-01 15:09:51,65536,1528.9,55818,18354,27.7,36.1
2026-06-01 15:09:57,65536,1534.3,56016,18354,27.5,36.4
2026-06-01 15:10:02,65536,1539.6,56214,18354,27.3,36.6
2026-06-01 15:10:08,65536,1545.1,56412,18354,26.9,37.2
2026-06-01 15:10:13,65536,1550.5,56610,18354,27.6,36.2
2026-06-01 15:10:18,65536,1555.9,56808,18354,27.4,36.5
2026-06-01 15:10:24,65536,1561.3,57006,18354,27.3,36.7
2026-06-01 15:10:29,65536,1566.7,57204,18354,27.7,36.1
2026-06-01 15:10:35,65536,1572.1,57402,18354,26.9,37.2
2026-06-01 15:10:40,65536,1577.6,57600,18354,27.7,36.1
2026-06-01 15:10:45,65536,1582.9,57798,18354,27.4,36.5
2026-06-01 15:10:51,65536,1588.3,57996,18354,27.4,36.5
2026-06-01 15:10:56,65536,1593.7,58194,18354,27.2,36.8
2026-06-01 15:11:02,65536,1599.1,58392,18354,26.8,37.4
2026-06-01 15:11:07,65536,1604.6,58590,18354,27.9,35.8
2026-06-01 15:11:13,65536,1610.0,58788,18354,27.9,35.8
2026-06-01 15:11:18,65536,1615.3,58986,18354,27.2,36.8
2026-06-01 15:11:23,65536,1620.8,59184,18354,27.8,36.0
2026-06-01 15:11:29,65536,1626.2,59382,18354,27.5,36.4
2026-06-01 15:11:34,65536,1631.7,59580,18354,28.1,35.6
2026-06-01 15:11:40,65536,1637.0,59778,18354,27.2,36.7
2026-06-01 15:11:45,65536,1642.4,59976,18354,27.2,36.8
2026-06-01 15:11:50,65536,1647.8,60174,18354,27.2,36.7
2026-06-01 15:11:56,65536,1653.2,60372,18354,27.2,36.8
2026-06-01 15:12:01,65536,1658.7,60570,18354,27.9,35.8
2026-06-01 15:12:07,65536,1664.0,60768,18354,27.4,36.5
2026-06-01 15:12:12,65536,1669.4,60966,18354,27.3,36.6
2026-06-01 15:12:17,65536,1674.9,61164,18354,27.7,36.1
2026-06-01 15:12:23,65536,1680.2,61362,18354,27.0,37.0
2026-06-01 15:12:28,65536,1685.7,61560,18354,27.4,36.4
2026-06-01 15:12:34,65536,1691.1,61758,18354,27.3,36.7
2026-06-01 15:12:39,65536,1696.5,61956,18354,27.1,37.0
2026-06-01 15:12:44,65536,1701.9,62154,18354,26.8,37.3
2026-06-01 15:12:50,65536,1707.3,62352,18354,26.6,37.6
2026-06-01 15:12:55,65536,1712.8,62550,18354,27.9,35.9
2026-06-01 15:13:01,65536,1718.1,62748,18354,27.0,37.0
2026-06-01 15:13:06,65536,1723.5,62946,18354,27.2,36.8
2026-06-01 15:13:11,65536,1728.9,63144,18354,27.4,36.5
2026-06-01 15:13:17,65536,1734.4,63342,18354,27.6,36.2
2026-06-01 15:13:22,65536,1739.7,63540,18354,27.3,36.6
2026-06-01 15:13:28,65536,1745.2,63738,18354,27.3,36.6
2026-06-01 15:13:33,65536,1750.5,63936,18354,27.2,36.7
2026-06-01 15:13:39,65536,1756.0,64134,18354,27.6,36.2
2026-06-01 15:13:44,65536,1761.4,64332,18354,26.7,37.4
2026-06-01 15:13:49,65536,1766.8,64530,18354,27.7,36.1
2026-06-01 15:13:55,65536,1772.2,64728,18354,27.5,36.3
2026-06-01 15:14:00,65536,1777.6,64926,18354,27.0,37.1
2026-06-01 15:14:06,65536,1783.0,65124,18354,26.8,37.4
2026-06-01 15:14:11,65536,1788.5,65322,18354,27.6,36.2
2026-06-01 15:14:16,65536,1793.9,65520,18354,27.8,36.0
2026-06-01 15:14:22,65536,1799.3,65718,18354,28.1,35.6
2026-06-01 15:14:27,65536,1804.6,65916,18354,26.9,37.1
2026-06-01 15:14:33,65536,1810.1,66114,18354,27.8,35.9
2026-06-01 15:14:38,65536,1815.4,66312,18354,26.8,37.3
2026-06-01 15:14:43,65536,1820.9,66510,18354,27.8,36.0
2026-06-01 15:14:49,65536,1826.3,66708,18354,27.3,36.6
2026-06-01 15:14:54,65536,1831.7,66906,18354,27.1,36.9
2026-06-01 15:15:00,65536,1837.1,67104,18354,27.2,36.8
2026-06-01 15:15:05,65536,1842.5,67302,18354,27.0,37.0
2026-06-01 15:15:10,65536,1848.0,67500,18354,27.9,35.8
2026-06-01 15:15:16,65536,1853.3,67698,18354,27.2,36.7
2026-06-01 15:15:21,65536,1858.7,67896,18354,26.8,37.3
2026-06-01 15:15:27,65536,1864.1,68094,18354,27.0,37.0
2026-06-01 15:15:32,65536,1869.5,68292,18354,26.7,37.4
2026-06-01 15:15:37,65536,1874.9,68490,18354,27.0,37.0
2026-06-01 15:15:43,65536,1880.4,68688,18354,27.8,36.0
2026-06-01 15:15:48,65536,1885.7,68886,18354,27.0,37.0
2026-06-01 15:15:54,65536,1891.2,69084,18354,27.9,35.9
2026-06-01 15:15:59,65536,1896.6,69282,18354,27.3,36.6
2026-06-01 15:16:05,65536,1902.0,69480,18354,27.9,35.8
2026-06-01 15:16:10,65536,1907.4,69678,18354,27.4,36.6
2026-06-01 15:16:15,65536,1912.8,69876,18354,27.5,36.3
2026-06-01 15:16:21,65536,1918.2,70074,18354,27.7,36.1
2026-06-01 15:16:26,65536,1923.6,70272,18354,26.8,37.3
2026-06-01 15:16:32,65536,1929.1,70470,18354,28.1,35.6
2026-06-01 15:16:37,65536,1934.4,70668,18354,27.1,36.8
2026-06-01 15:16:42,65536,1939.8,70866,18354,27.6,36.3
2026-06-01 15:16:48,65536,1945.2,71064,18354,27.3,36.6
2026-06-01 15:16:53,65536,1950.6,71262,18354,27.3,36.6
2026-06-01 15:16:59,65536,1956.1,71460,18354,27.7,36.1
2026-06-01 15:17:04,65536,1961.5,71658,18354,27.6,36.2
2026-06-01 15:17:09,65536,1966.9,71856,18354,27.5,36.3
2026-06-01 15:17:15,65536,1972.3,72054,18354,27.2,36.8
2026-06-01 15:17:20,65536,1977.7,72252,18354,27.3,36.6
2026-06-01 15:17:26,65536,1983.1,72450,18354,27.7,36.1
2026-06-01 15:17:31,65536,1988.5,72648,18354,27.5,36.4
2026-06-01 15:17:36,65536,1993.9,72846,18354,27.4,36.5
2026-06-01 15:17:42,65536,1999.4,73044,18354,27.7,36.1
2026-06-01 15:17:47,65536,2004.7,73242,18354,26.6,37.6
2026-06-01 15:17:53,65536,2010.2,73440,18354,28.0,35.7
2026-06-01 15:17:58,65536,2015.6,73638,18354,27.8,35.9
2026-06-01 15:18:03,65536,2021.0,73836,18354,27.1,36.8
2026-06-01 15:18:09,65536,2026.4,74034,18354,27.4,36.5
2026-06-01 15:18:14,65536,2031.8,74232,18354,26.9,37.2
2026-06-01 15:18:20,65536,2037.2,74430,18354,27.3,36.7
2026-06-01 15:18:25,65536,2042.6,74628,18354,27.8,36.0
2026-06-01 15:18:31,65536,2048.1,74826,18354,28.0,35.7
2026-06-01 15:18:36,65536,2053.4,75024,18354,27.7,36.1
2026-06-01 15:18:41,65536,2058.8,75222,18354,27.3,36.6
2026-06-01 15:18:47,65536,2064.3,75420,18354,27.6,36.2
2026-06-01 15:18:52,65536,2069.7,75618,18354,27.7,36.2
2026-06-01 15:18:58,65536,2075.1,75816,18354,27.9,35.8
2026-06-01 15:19:03,65536,2080.5,76014,18354,27.7,36.1
2026-06-01 15:19:08,65536,2085.8,76212,18354,26.6,37.6
2026-06-01 15:19:14,65536,2091.3,76410,18354,28.2,35.5
2026-06-01 15:19:19,65536,2096.7,76608,18354,27.4,36.5
2026-06-01 15:19:25,65536,2102.1,76806,18354,27.5,36.4
2026-06-01 15:19:30,65536,2107.5,77004,18354,27.8,35.9
2026-06-01 15:19:35,65536,2112.9,77202,18354,27.3,36.6
2026-06-01 15:19:41,65536,2118.4,77400,18354,28.1,35.6
2026-06-01 15:19:46,65536,2123.7,77598,18354,27.8,35.9
2026-06-01 15:19:52,65536,2129.2,77796,18354,27.6,36.3
2026-06-01 15:19:57,65536,2134.5,77994,18354,27.3,36.6
2026-06-01 15:20:02,65536,2140.0,78192,18354,27.6,36.2
2026-06-01 15:20:08,65536,2145.4,78390,18354,28.0,35.8
2026-06-01 15:20:13,65536,2150.8,78588,18354,27.6,36.2
2026-06-01 15:20:19,65536,2156.2,78786,18354,27.5,36.4
2026-06-01 15:20:24,65536,2161.5,78984,18354,27.3,36.7
2026-06-01 15:20:30,65536,2167.0,79182,18354,26.9,37.2
2026-06-01 15:20:35,65536,2172.4,79380,18354,27.6,36.2
2026-06-01 15:20:40,65536,2177.8,79578,18354,27.2,36.7
2026-06-01 15:20:46,65536,2183.2,79776,18354,28.0,35.7
2026-06-01 15:20:51,65536,2188.6,79974,18354,27.3,36.7
2026-06-01 15:20:57,65536,2194.0,80172,18354,27.4,36.5
2026-06-01 15:21:02,65536,2199.5,80370,18354,28.0,35.7
2026-06-01 15:21:07,65536,2204.8,80568,18354,26.9,37.1
2026-06-01 15:21:13,65536,2210.2,80766,18354,27.4,36.5
2026-06-01 15:21:18,65536,2215.6,80964,18354,27.2,36.8
2026-06-01 15:21:24,65536,2221.0,81162,18354,27.2,36.8
2026-06-01 15:21:29,65536,2226.5,81360,18354,27.5,36.3
2026-06-01 15:21:34,65536,2231.9,81558,18354,27.5,36.3
2026-06-01 15:21:40,65536,2237.3,81756,18354,27.9,35.9
2026-06-01 15:21:45,65536,2242.7,81954,18354,26.9,37.2
2026-06-01 15:21:51,65536,2248.1,82152,18354,26.8,37.3
2026-06-01 15:21:56,65536,2253.5,82350,18354,27.7,36.1
2026-06-01 15:22:01,65536,2259.0,82548,18354,27.9,35.8
2026-06-01 15:22:07,65536,2264.4,82746,18354,27.6,36.2
2026-06-01 15:22:12,65536,2269.8,82944,18354,27.8,35.9
2026-06-01 15:22:18,65536,2275.2,83142,18354,27.6,36.2
2026-06-01 15:22:23,65536,2280.6,83340,18354,27.6,36.2
2026-06-01 15:22:28,65536,2285.9,83538,18354,27.4,36.5
2026-06-01 15:22:34,65536,2291.3,83736,18354,27.3,36.7
2026-06-01 15:22:39,65536,2296.7,83934,18354,26.9,37.2
2026-06-01 15:22:45,65536,2302.2,84132,18354,26.8,37.3
2026-06-01 15:22:50,65536,2307.6,84330,18354,28.1,35.6
2026-06-01 15:22:56,65536,2313.0,84528,18354,27.8,36.0
2026-06-01 15:23:01,65536,2318.4,84726,18354,26.9,37.2
2026-06-01 15:23:06,65536,2323.8,84924,18354,27.3,36.7
2026-06-01 15:23:12,65536,2329.2,85122,18354,27.3,36.7
2026-06-01 15:23:17,65536,2334.7,85320,18354,27.8,35.9
# end of run, total_frames=85485, total_time=2339.9s

# run 2026-06-01 15:25:10, fc=96.5MHz, fs=2.4MSPS, gain=40dB, frame_size=65536
2026-06-01 15:25:11,65536,1.9,18,10488,102.2,9.8
2026-06-01 15:25:17,65536,7.2,180,48507,32.2,31.0
# end of run, total_frames=231, total_time=9.0s

# run 2026-06-01 15:25:21, fc=96.5MHz, fs=2.4MSPS, gain=40dB, frame_size=131072
2026-06-01 15:25:22,131072,1.4,18,7866,73.5,13.6
2026-06-01 15:25:28,131072,6.9,126,7866,51.5,19.4
# end of run, total_frames=165, total_time=9.4s

# run 2026-06-01 16:37:44, fc=96.5MHz, fs=2.4MSPS, gain=40dB, frame_size=131072
2026-06-01 16:37:46,131072,1.4,18,0,67.7,14.8
2026-06-01 16:37:51,131072,7.0,126,0,52.5,19.0
2026-06-01 16:37:57,131072,12.2,216,0,53.0,18.9
2026-06-01 16:38:02,131072,17.9,324,0,51.9,19.3
# end of run, total_frames=430, total_time=23.7s

